{
  "Component-dbg.js": 1607881702000,
  "controller/Sales.controller.js": 1608542453699,
  "model/models.js": 1607852665000,
  "manifest.json": 1608542674139,
  "Component.js": 1607881702000,
  "manifest-bundle.zip": 1608542673882,
  "Component-preload.js": 1608542674110,
  "i18n/i18n.properties": 1607854624000,
  "controller/Sales-dbg.controller.js": 1608542453699,
  "model/models-dbg.js": 1607852665000,
  "resources.json": 1608542674145,
  "view/Sales.view.xml": 1608542382134,
  "images/FioriArchitecture.png": 1607855139000,
  "css/style.css": 1607852665000,
  "index.html": 1607852665000
}